failure_mode,description,n_wrong_links,share_wrong_links,median_s_text,median_s_cpv,median_composite_score,median_gbm_score,median_margin,median_n_candidates,median_buyer_n_sources
MATERIAL_SCOPE_MISMATCH,"Source and candidate describe different concrete functions, software, equipment, lot, beneficiary, or procurement purpose.",55,0.859375,0.065630527192823,0.2,0.3884432682315582,0.38201846824502494,0.1154175650535285,2.0,20.0
NAME_FALLBACK_IDENTITY_RISK,The pair is blocked by buyer-name fallback rather than a stronger SIRET/SIREN identity.,54,0.84375,0.10723364701040095,0.2,0.3906285670028911,0.3207649307301446,0.11932640741742055,2.0,19.0
SAME_BUYER_BROAD_DIGITAL_SIGNAL,The apparent match is mainly driven by same buyer plus generic digital/procurement language.,52,0.8125,0.0655043966666353,0.2,0.3875701877558142,0.3451891957068016,0.11843680466588374,2.0,20.0
LOW_TEXT_EVIDENCE,"TF-IDF text similarity is low, so the accepted link lacks strong text evidence.",44,0.6875,0.0318632119928825,0.2,0.36905462595527394,0.3696134606834587,0.10577314433808105,2.0,20.5
METHOD_DISAGREEMENT_FALSE_POSITIVE,"Only one maintained method linked the source, and the reviewed proposed link was wrong.",36,0.5625,0.03632007794125135,0.1,0.32142678747687836,0.2739910380819951,0.14771611178299265,1.0,16.5
HIGH_BUYER_ACTIVITY_AMBIGUITY,"The buyer has many in-scope notices or the source has many candidates, creating many plausible same-buyer distractors.",34,0.53125,0.10095120711714234,0.8,0.4399382191538424,0.7557742027216445,0.0671114190744416,7.0,36.0
HIGH_CPV_FALSE_SECURITY,The CPV score is high even though the manual label says the procurement objects differ.,25,0.390625,0.1126273011757576,1.0,0.5336435025097503,0.8652454939523634,0.0549259290917627,7.0,28.0
SMALL_MARGIN_AMBIGUITY,The top candidate is close to the runner-up; acceptance depends on an ambiguous ranking.,18,0.28125,0.05207303766107045,0.8,0.4564672544300611,0.868923267610598,0.0164328632912481,7.0,52.0
ADMINISTRATIVE_VERSION_OR_RECTIFICATIF,"The candidate is a rectificatif, notice version/update, cancellation/correction, or same procedure update rather than a distinct successor contract.",8,0.125,0.9169354519512396,1.0,0.5779610510319777,0.7557742027216445,0.22305974987442284,2.5,32.0
