candidate_notice_id,times_selected,buyer_match_mechanism
26-11967,8,HISTORICAL_ALIAS_RECONCILIATION;SAME_SIREN_RECONCILIATION
26-45351,7,SAME_SIREN_RECONCILIATION
24-56081,6,HISTORICAL_ALIAS_RECONCILIATION;SAME_SIREN_RECONCILIATION
23-139972,6,HISTORICAL_ALIAS_RECONCILIATION
24-75502,6,M0_NAME_FALLBACK
23-125766,5,M0_NAME_FALLBACK
26-28296,5,EXACT_SIRET_RECONCILIATION;HISTORICAL_ALIAS_RECONCILIATION
21-77546,5,M0_NAME_FALLBACK
25-128548,5,SAME_SIREN_RECONCILIATION
25-80306,5,EXACT_SIRET_RECONCILIATION;HISTORICAL_ALIAS_RECONCILIATION
25-134329,5,M0_NAME_FALLBACK;SAME_SIREN_RECONCILIATION
23-56040,4,EXACT_SIRET_RECONCILIATION;HISTORICAL_ALIAS_RECONCILIATION
24-74022,4,EXACT_SIRET_RECONCILIATION;HISTORICAL_ALIAS_RECONCILIATION
25-28394,4,SAME_SIREN_RECONCILIATION
26-43788,4,SAME_SIREN_RECONCILIATION
19-147943,4,EXACT_SIRET_RECONCILIATION;HISTORICAL_ALIAS_RECONCILIATION
21-143183,4,M0_NAME_FALLBACK
20-96600,4,HISTORICAL_ALIAS_RECONCILIATION
26-2995,4,EXACT_SIRET_RECONCILIATION
25-57823,4,SAME_SIREN_RECONCILIATION
24-81981,4,EXACT_SIRET_RECONCILIATION;HISTORICAL_ALIAS_RECONCILIATION
22-87982,4,HISTORICAL_ALIAS_RECONCILIATION
21-126684,4,EXACT_SIRET_RECONCILIATION;HISTORICAL_ALIAS_RECONCILIATION
19-136955,4,HISTORICAL_ALIAS_RECONCILIATION
20-47300,4,EXACT_SIRET_RECONCILIATION;HISTORICAL_ALIAS_RECONCILIATION
25-20325,3,HISTORICAL_ALIAS_RECONCILIATION
20-49949,3,M0_NAME_FALLBACK
21-55981,3,HISTORICAL_ALIAS_RECONCILIATION
24-47243,3,HISTORICAL_ALIAS_RECONCILIATION;SAME_SIREN_RECONCILIATION
25-30335,3,HISTORICAL_ALIAS_RECONCILIATION;SAME_SIREN_RECONCILIATION
19-69736,3,M0_NAME_FALLBACK
21-113953,3,HISTORICAL_ALIAS_RECONCILIATION
22-72517,3,HISTORICAL_ALIAS_RECONCILIATION
22-26998,3,M0_NAME_FALLBACK
17-143219,3,M0_NAME_FALLBACK
22-85365,3,EXACT_SIRET_RECONCILIATION;HISTORICAL_ALIAS_RECONCILIATION
22-162609,3,HISTORICAL_ALIAS_RECONCILIATION
19-127477,3,HISTORICAL_ALIAS_RECONCILIATION
20-65753,3,EXACT_SIRET_RECONCILIATION;HISTORICAL_ALIAS_RECONCILIATION
23-12419,3,EXACT_SIRET_RECONCILIATION
21-7561,3,M0_NAME_FALLBACK
18-122376,3,M0_NAME_FALLBACK
21-115415,3,HISTORICAL_ALIAS_RECONCILIATION
18-132522,3,HISTORICAL_ALIAS_RECONCILIATION
21-35651,3,HISTORICAL_ALIAS_RECONCILIATION
22-94454,3,M0_NAME_FALLBACK
20-137315,3,HISTORICAL_ALIAS_RECONCILIATION
19-189603,3,M0_NAME_FALLBACK
22-165707,3,HISTORICAL_ALIAS_RECONCILIATION
23-117688,3,HISTORICAL_ALIAS_RECONCILIATION
23-43763,3,M0_NAME_FALLBACK
26-23151,3,HISTORICAL_ALIAS_RECONCILIATION
25-66012,3,HISTORICAL_ALIAS_RECONCILIATION;SAME_SIREN_RECONCILIATION
25-51236,3,EXACT_SIRET_RECONCILIATION
18-158087,3,M0_NAME_FALLBACK
24-117088,3,SAME_SIREN_RECONCILIATION
25-90009,3,M0_NAME_FALLBACK;SAME_SIREN_RECONCILIATION
20-32203,3,M0_NAME_FALLBACK
26-6662,3,EXACT_SIRET_RECONCILIATION
26-17888,3,SAME_SIREN_RECONCILIATION
26-56462,3,EXACT_SIRET_RECONCILIATION
20-93634,3,HISTORICAL_ALIAS_RECONCILIATION
19-75795,3,HISTORICAL_ALIAS_RECONCILIATION
23-144303,3,M0_NAME_FALLBACK
19-59985,3,HISTORICAL_ALIAS_RECONCILIATION
19-147471,2,HISTORICAL_ALIAS_RECONCILIATION
21-85842,2,M0_NAME_FALLBACK
17-172986,2,M0_NAME_FALLBACK
23-23753,2,HISTORICAL_ALIAS_RECONCILIATION
22-83128,2,HISTORICAL_ALIAS_RECONCILIATION
23-20260,2,EXACT_SIRET_RECONCILIATION;HISTORICAL_ALIAS_RECONCILIATION
19-101998,2,M0_NAME_FALLBACK
23-43183,2,EXACT_SIRET_RECONCILIATION
22-118151,2,HISTORICAL_ALIAS_RECONCILIATION
26-60182,2,EXACT_SIRET_RECONCILIATION;SAME_SIREN_RECONCILIATION
22-137172,2,EXACT_SIRET_RECONCILIATION;HISTORICAL_ALIAS_RECONCILIATION
22-166987,2,M0_NAME_FALLBACK
22-22098,2,HISTORICAL_ALIAS_RECONCILIATION
25-138044,2,EXACT_SIRET_RECONCILIATION;SAME_SIREN_RECONCILIATION
21-67771,2,HISTORICAL_ALIAS_RECONCILIATION
25-129489,2,EXACT_SIRET_RECONCILIATION
17-152907,2,M0_NAME_FALLBACK
18-6802,2,M0_NAME_FALLBACK
22-69952,2,EXACT_SIRET_RECONCILIATION;HISTORICAL_ALIAS_RECONCILIATION
21-156348,2,HISTORICAL_ALIAS_RECONCILIATION
21-83160,2,HISTORICAL_ALIAS_RECONCILIATION
24-139412,2,EXACT_SIRET_RECONCILIATION;SAME_SIREN_RECONCILIATION
21-157552,2,HISTORICAL_ALIAS_RECONCILIATION
22-51860,2,EXACT_SIRET_RECONCILIATION;HISTORICAL_ALIAS_RECONCILIATION
25-38470,2,EXACT_SIRET_RECONCILIATION
26-6827,2,SAME_SIREN_RECONCILIATION
25-15910,2,SAME_SIREN_RECONCILIATION
22-7823,2,HISTORICAL_ALIAS_RECONCILIATION
25-18090,2,SAME_SIREN_RECONCILIATION
21-122032,2,M0_NAME_FALLBACK
25-63108,2,SAME_SIREN_RECONCILIATION
21-76512,2,HISTORICAL_ALIAS_RECONCILIATION
17-39483,2,HISTORICAL_ALIAS_RECONCILIATION
21-138241,2,EXACT_SIRET_RECONCILIATION;HISTORICAL_ALIAS_RECONCILIATION
20-91517,2,M0_NAME_FALLBACK
19-114994,2,HISTORICAL_ALIAS_RECONCILIATION
23-106776,2,EXACT_SIRET_RECONCILIATION
23-43054,2,EXACT_SIRET_RECONCILIATION;HISTORICAL_ALIAS_RECONCILIATION
24-3636,2,HISTORICAL_ALIAS_RECONCILIATION
24-127069,2,HISTORICAL_ALIAS_RECONCILIATION;SAME_SIREN_RECONCILIATION
25-25051,2,EXACT_SIRET_RECONCILIATION
25-99444,2,HISTORICAL_ALIAS_RECONCILIATION
24-119150,2,M0_NAME_FALLBACK
26-49296,2,HISTORICAL_ALIAS_RECONCILIATION
25-30282,2,HISTORICAL_ALIAS_RECONCILIATION
24-127528,2,M0_NAME_FALLBACK
23-176813,2,M0_NAME_FALLBACK
20-122198,2,M0_NAME_FALLBACK
24-39718,2,M0_NAME_FALLBACK
24-35694,2,HISTORICAL_ALIAS_RECONCILIATION
20-118393,2,HISTORICAL_ALIAS_RECONCILIATION
20-152526,2,HISTORICAL_ALIAS_RECONCILIATION
24-126812,2,M0_NAME_FALLBACK
24-71416,2,HISTORICAL_ALIAS_RECONCILIATION
24-31691,2,M0_NAME_FALLBACK
22-159813,2,HISTORICAL_ALIAS_RECONCILIATION
22-39891,2,M0_NAME_FALLBACK
18-149893,2,M0_NAME_FALLBACK
26-60185,2,M0_NAME_FALLBACK
22-52027,2,M0_NAME_FALLBACK
23-34018,2,HISTORICAL_ALIAS_RECONCILIATION
22-150264,2,EXACT_SIRET_RECONCILIATION;HISTORICAL_ALIAS_RECONCILIATION
25-111133,2,HISTORICAL_ALIAS_RECONCILIATION
23-171468,2,HISTORICAL_ALIAS_RECONCILIATION
25-76461,2,HISTORICAL_ALIAS_RECONCILIATION
23-154026,2,EXACT_SIRET_RECONCILIATION
23-96123,2,M0_NAME_FALLBACK
25-111645,2,HISTORICAL_ALIAS_RECONCILIATION
22-6934,2,M0_NAME_FALLBACK
25-123316,2,SAME_SIREN_RECONCILIATION
24-57038,2,EXACT_SIRET_RECONCILIATION
25-100736,2,SAME_SIREN_RECONCILIATION
25-124007,2,HISTORICAL_ALIAS_RECONCILIATION;SAME_SIREN_RECONCILIATION
23-174149,2,EXACT_SIRET_RECONCILIATION
24-66729,2,HISTORICAL_ALIAS_RECONCILIATION
25-140719,2,HISTORICAL_ALIAS_RECONCILIATION;SAME_SIREN_RECONCILIATION
20-4011,2,M0_NAME_FALLBACK
15-126308,2,HISTORICAL_ALIAS_RECONCILIATION
21-91773,2,HISTORICAL_ALIAS_RECONCILIATION
20-6485,2,M0_NAME_FALLBACK
20-97584,2,HISTORICAL_ALIAS_RECONCILIATION
20-16042,2,HISTORICAL_ALIAS_RECONCILIATION
20-8882,2,M0_NAME_FALLBACK
17-108459,2,HISTORICAL_ALIAS_RECONCILIATION
20-110309,2,HISTORICAL_ALIAS_RECONCILIATION
20-31844,2,M0_NAME_FALLBACK
21-88219,2,EXACT_SIRET_RECONCILIATION;HISTORICAL_ALIAS_RECONCILIATION
20-150503,2,EXACT_SIRET_RECONCILIATION;HISTORICAL_ALIAS_RECONCILIATION
19-87510,2,HISTORICAL_ALIAS_RECONCILIATION
21-27874,2,HISTORICAL_ALIAS_RECONCILIATION
16-68672,2,HISTORICAL_ALIAS_RECONCILIATION
20-52846,2,HISTORICAL_ALIAS_RECONCILIATION
15-56571,2,M0_NAME_FALLBACK
19-141668,2,HISTORICAL_ALIAS_RECONCILIATION
19-185562,2,HISTORICAL_ALIAS_RECONCILIATION
21-38984,2,HISTORICAL_ALIAS_RECONCILIATION
25-84924,2,SAME_SIREN_RECONCILIATION
19-70735,2,EXACT_SIRET_RECONCILIATION
19-130357,2,HISTORICAL_ALIAS_RECONCILIATION
20-70265,2,EXACT_SIRET_RECONCILIATION
15-190662,2,M0_NAME_FALLBACK
20-2441,2,HISTORICAL_ALIAS_RECONCILIATION
20-25157,2,HISTORICAL_ALIAS_RECONCILIATION
21-24011,1,M0_NAME_FALLBACK
21-13248,1,HISTORICAL_ALIAS_RECONCILIATION
22-41246,1,HISTORICAL_ALIAS_RECONCILIATION
25-4360,1,SAME_SIREN_RECONCILIATION
23-104062,1,HISTORICAL_ALIAS_RECONCILIATION
24-67770,1,HISTORICAL_ALIAS_RECONCILIATION
24-67295,1,SAME_SIREN_RECONCILIATION
21-21301,1,M0_NAME_FALLBACK
23-134735,1,EXACT_SIRET_RECONCILIATION
20-135282,1,HISTORICAL_ALIAS_RECONCILIATION
20-93913,1,HISTORICAL_ALIAS_RECONCILIATION
20-59788,1,HISTORICAL_ALIAS_RECONCILIATION
25-24896,1,HISTORICAL_ALIAS_RECONCILIATION
16-49246,1,M0_NAME_FALLBACK
16-68875,1,M0_NAME_FALLBACK
24-42667,1,HISTORICAL_ALIAS_RECONCILIATION
26-41056,1,HISTORICAL_ALIAS_RECONCILIATION
19-169855,1,HISTORICAL_ALIAS_RECONCILIATION
25-98193,1,HISTORICAL_ALIAS_RECONCILIATION
23-117420,1,EXACT_SIRET_RECONCILIATION
25-141997,1,HISTORICAL_ALIAS_RECONCILIATION
19-165120,1,HISTORICAL_ALIAS_RECONCILIATION
21-147552,1,M0_NAME_FALLBACK
19-191665,1,M0_NAME_FALLBACK
25-45593,1,M0_NAME_FALLBACK
23-66104,1,EXACT_SIRET_RECONCILIATION
21-161861,1,M0_NAME_FALLBACK
16-35152,1,HISTORICAL_ALIAS_RECONCILIATION
16-55859,1,M0_NAME_FALLBACK
22-30678,1,HISTORICAL_ALIAS_RECONCILIATION
20-115241,1,HISTORICAL_ALIAS_RECONCILIATION
23-140453,1,HISTORICAL_ALIAS_RECONCILIATION
20-8845,1,HISTORICAL_ALIAS_RECONCILIATION
16-80474,1,M0_NAME_FALLBACK
25-73811,1,HISTORICAL_ALIAS_RECONCILIATION
16-73319,1,M0_NAME_FALLBACK
19-105083,1,M0_NAME_FALLBACK
24-77664,1,HISTORICAL_ALIAS_RECONCILIATION
17-48717,1,HISTORICAL_ALIAS_RECONCILIATION
24-34987,1,M0_NAME_FALLBACK
22-163372,1,EXACT_SIRET_RECONCILIATION
19-102776,1,HISTORICAL_ALIAS_RECONCILIATION
20-131075,1,M0_NAME_FALLBACK
25-33226,1,HISTORICAL_ALIAS_RECONCILIATION
23-90092,1,HISTORICAL_ALIAS_RECONCILIATION
23-105797,1,HISTORICAL_ALIAS_RECONCILIATION
19-110681,1,M0_NAME_FALLBACK
19-118070,1,M0_NAME_FALLBACK
15-126736,1,M0_NAME_FALLBACK
23-70292,1,HISTORICAL_ALIAS_RECONCILIATION
23-90833,1,EXACT_SIRET_RECONCILIATION
23-42778,1,HISTORICAL_ALIAS_RECONCILIATION
23-106736,1,HISTORICAL_ALIAS_RECONCILIATION
22-153504,1,M0_NAME_FALLBACK
20-27109,1,M0_NAME_FALLBACK
22-68207,1,M0_NAME_FALLBACK
16-7903,1,M0_NAME_FALLBACK
19-158679,1,M0_NAME_FALLBACK
23-40733,1,HISTORICAL_ALIAS_RECONCILIATION
19-54274,1,HISTORICAL_ALIAS_RECONCILIATION
23-6460,1,EXACT_SIRET_RECONCILIATION
23-101411,1,HISTORICAL_ALIAS_RECONCILIATION
15-167650,1,M0_NAME_FALLBACK
24-30786,1,HISTORICAL_ALIAS_RECONCILIATION
20-46786,1,HISTORICAL_ALIAS_RECONCILIATION
20-42809,1,HISTORICAL_ALIAS_RECONCILIATION
21-117209,1,HISTORICAL_ALIAS_RECONCILIATION
16-49315,1,M0_NAME_FALLBACK
23-48831,1,HISTORICAL_ALIAS_RECONCILIATION
20-70773,1,HISTORICAL_ALIAS_RECONCILIATION
15-91934,1,M0_NAME_FALLBACK
15-169809,1,HISTORICAL_ALIAS_RECONCILIATION
23-83529,1,EXACT_SIRET_RECONCILIATION
23-6398,1,HISTORICAL_ALIAS_RECONCILIATION
18-128642,1,HISTORICAL_ALIAS_RECONCILIATION
19-43671,1,HISTORICAL_ALIAS_RECONCILIATION
25-114696,1,HISTORICAL_ALIAS_RECONCILIATION
18-27688,1,M0_NAME_FALLBACK
23-160919,1,HISTORICAL_ALIAS_RECONCILIATION
19-103125,1,M0_NAME_FALLBACK
24-130324,1,EXACT_SIRET_RECONCILIATION
22-19299,1,M0_NAME_FALLBACK
19-85688,1,HISTORICAL_ALIAS_RECONCILIATION
24-117582,1,HISTORICAL_ALIAS_RECONCILIATION
16-136139,1,HISTORICAL_ALIAS_RECONCILIATION
24-132338,1,HISTORICAL_ALIAS_RECONCILIATION
19-75460,1,HISTORICAL_ALIAS_RECONCILIATION
24-127156,1,HISTORICAL_ALIAS_RECONCILIATION
17-48667,1,HISTORICAL_ALIAS_RECONCILIATION
25-22758,1,SAME_SIREN_RECONCILIATION
24-74174,1,EXACT_SIRET_RECONCILIATION
25-21094,1,EXACT_SIRET_RECONCILIATION
18-25585,1,HISTORICAL_ALIAS_RECONCILIATION
24-67023,1,EXACT_SIRET_RECONCILIATION
18-94561,1,HISTORICAL_ALIAS_RECONCILIATION
16-67782,1,M0_NAME_FALLBACK
18-28408,1,HISTORICAL_ALIAS_RECONCILIATION
24-115034,1,SAME_SIREN_RECONCILIATION
24-106137,1,EXACT_SIRET_RECONCILIATION
24-37419,1,EXACT_SIRET_RECONCILIATION
25-51370,1,EXACT_SIRET_RECONCILIATION
24-76881,1,HISTORICAL_ALIAS_RECONCILIATION
25-42228,1,SAME_SIREN_RECONCILIATION
25-34950,1,SAME_SIREN_RECONCILIATION
25-54937,1,SAME_SIREN_RECONCILIATION
25-5091,1,EXACT_SIRET_RECONCILIATION
25-925,1,EXACT_SIRET_RECONCILIATION
25-53206,1,SAME_SIREN_RECONCILIATION
16-10649,1,HISTORICAL_ALIAS_RECONCILIATION
24-36876,1,EXACT_SIRET_RECONCILIATION
25-20873,1,EXACT_SIRET_RECONCILIATION
25-55152,1,SAME_SIREN_RECONCILIATION
26-48762,1,SAME_SIREN_RECONCILIATION
25-87479,1,SAME_SIREN_RECONCILIATION
18-153394,1,HISTORICAL_ALIAS_RECONCILIATION
26-62132,1,EXACT_SIRET_RECONCILIATION
26-65847,1,EXACT_SIRET_RECONCILIATION
26-62679,1,M0_NAME_FALLBACK
26-63482,1,EXACT_SIRET_RECONCILIATION
25-108260,1,SAME_SIREN_RECONCILIATION
25-97524,1,SAME_SIREN_RECONCILIATION
26-1571,1,EXACT_SIRET_RECONCILIATION
25-49175,1,EXACT_SIRET_RECONCILIATION
26-16633,1,SAME_SIREN_RECONCILIATION
25-49952,1,EXACT_SIRET_RECONCILIATION
25-142895,1,SAME_SIREN_RECONCILIATION
25-130935,1,EXACT_SIRET_RECONCILIATION
26-47097,1,SAME_SIREN_RECONCILIATION
24-72692,1,EXACT_SIRET_RECONCILIATION
16-61061,1,HISTORICAL_ALIAS_RECONCILIATION
26-33573,1,SAME_SIREN_RECONCILIATION
26-52332,1,M0_NAME_FALLBACK
25-76566,1,EXACT_SIRET_RECONCILIATION
26-66594,1,M0_NAME_FALLBACK
19-156899,1,M0_NAME_FALLBACK
25-2044,1,EXACT_SIRET_RECONCILIATION
19-106429,1,M0_NAME_FALLBACK
25-37560,1,EXACT_SIRET_RECONCILIATION
24-140255,1,EXACT_SIRET_RECONCILIATION
24-81519,1,EXACT_SIRET_RECONCILIATION
25-131747,1,SAME_SIREN_RECONCILIATION
22-154906,1,M0_NAME_FALLBACK
23-39978,1,M0_NAME_FALLBACK
16-9312,1,M0_NAME_FALLBACK
16-78789,1,M0_NAME_FALLBACK
24-144326,1,SAME_SIREN_RECONCILIATION
22-17628,1,HISTORICAL_ALIAS_RECONCILIATION
19-151382,1,M0_NAME_FALLBACK
22-79348,1,HISTORICAL_ALIAS_RECONCILIATION
22-171933,1,EXACT_SIRET_RECONCILIATION
25-95477,1,HISTORICAL_ALIAS_RECONCILIATION
25-62715,1,M0_NAME_FALLBACK
21-148591,1,M0_NAME_FALLBACK
24-139192,1,EXACT_SIRET_RECONCILIATION
16-57014,1,M0_NAME_FALLBACK
21-145412,1,M0_NAME_FALLBACK
21-69523,1,HISTORICAL_ALIAS_RECONCILIATION
25-50360,1,SAME_SIREN_RECONCILIATION
25-53540,1,SAME_SIREN_RECONCILIATION
23-38908,1,M0_NAME_FALLBACK
22-113250,1,M0_NAME_FALLBACK
19-46630,1,HISTORICAL_ALIAS_RECONCILIATION
21-129937,1,M0_NAME_FALLBACK
23-75513,1,M0_NAME_FALLBACK
24-74340,1,HISTORICAL_ALIAS_RECONCILIATION
22-54720,1,EXACT_SIRET_RECONCILIATION
22-16811,1,HISTORICAL_ALIAS_RECONCILIATION
24-102164,1,EXACT_SIRET_RECONCILIATION
23-90557,1,HISTORICAL_ALIAS_RECONCILIATION
25-129855,1,HISTORICAL_ALIAS_RECONCILIATION
25-60425,1,HISTORICAL_ALIAS_RECONCILIATION
23-164280,1,M0_NAME_FALLBACK
23-86585,1,HISTORICAL_ALIAS_RECONCILIATION
24-56091,1,SAME_SIREN_RECONCILIATION
24-117855,1,EXACT_SIRET_RECONCILIATION
23-132683,1,M0_NAME_FALLBACK
23-130844,1,HISTORICAL_ALIAS_RECONCILIATION
22-163107,1,HISTORICAL_ALIAS_RECONCILIATION
22-122955,1,HISTORICAL_ALIAS_RECONCILIATION
19-157248,1,M0_NAME_FALLBACK
25-110155,1,SAME_SIREN_RECONCILIATION
19-159320,1,HISTORICAL_ALIAS_RECONCILIATION
24-80097,1,HISTORICAL_ALIAS_RECONCILIATION
22-143552,1,M0_NAME_FALLBACK
26-31969,1,SAME_SIREN_RECONCILIATION
22-157032,1,HISTORICAL_ALIAS_RECONCILIATION
25-143446,1,M0_NAME_FALLBACK
26-20284,1,EXACT_SIRET_RECONCILIATION
16-101519,1,M0_NAME_FALLBACK
24-134460,1,SAME_SIREN_RECONCILIATION
19-177480,1,EXACT_SIRET_RECONCILIATION
25-122865,1,SAME_SIREN_RECONCILIATION
26-29624,1,SAME_SIREN_RECONCILIATION
17-105683,1,EXACT_SIRET_RECONCILIATION
21-117615,1,HISTORICAL_ALIAS_RECONCILIATION
19-34512,1,M0_NAME_FALLBACK
19-129278,1,HISTORICAL_ALIAS_RECONCILIATION
17-77744,1,M0_NAME_FALLBACK
22-40191,1,HISTORICAL_ALIAS_RECONCILIATION
21-51020,1,HISTORICAL_ALIAS_RECONCILIATION
20-118247,1,HISTORICAL_ALIAS_RECONCILIATION
17-146735,1,HISTORICAL_ALIAS_RECONCILIATION
17-120212,1,M0_NAME_FALLBACK
21-37673,1,M0_NAME_FALLBACK
18-13243,1,HISTORICAL_ALIAS_RECONCILIATION
20-66643,1,M0_NAME_FALLBACK
17-9629,1,M0_NAME_FALLBACK
17-144060,1,HISTORICAL_ALIAS_RECONCILIATION
21-44149,1,HISTORICAL_ALIAS_RECONCILIATION
18-144441,1,HISTORICAL_ALIAS_RECONCILIATION
16-128178,1,M0_NAME_FALLBACK
20-26585,1,M0_NAME_FALLBACK
18-82638,1,M0_NAME_FALLBACK
22-105832,1,HISTORICAL_ALIAS_RECONCILIATION
21-150402,1,M0_NAME_FALLBACK
17-55087,1,M0_NAME_FALLBACK
18-41248,1,M0_NAME_FALLBACK
19-39750,1,HISTORICAL_ALIAS_RECONCILIATION
21-45622,1,HISTORICAL_ALIAS_RECONCILIATION
20-117677,1,M0_NAME_FALLBACK
22-137807,1,M0_NAME_FALLBACK
21-163822,1,M0_NAME_FALLBACK
19-32405,1,HISTORICAL_ALIAS_RECONCILIATION
21-14714,1,HISTORICAL_ALIAS_RECONCILIATION
23-72834,1,EXACT_SIRET_RECONCILIATION
20-85492,1,HISTORICAL_ALIAS_RECONCILIATION
21-146075,1,HISTORICAL_ALIAS_RECONCILIATION
17-102568,1,M0_NAME_FALLBACK
22-95027,1,HISTORICAL_ALIAS_RECONCILIATION
21-135182,1,M0_NAME_FALLBACK
17-155110,1,HISTORICAL_ALIAS_RECONCILIATION
21-137487,1,M0_NAME_FALLBACK
20-140005,1,M0_NAME_FALLBACK
17-168569,1,M0_NAME_FALLBACK
21-74412,1,HISTORICAL_ALIAS_RECONCILIATION
21-61224,1,HISTORICAL_ALIAS_RECONCILIATION
17-81541,1,M0_NAME_FALLBACK
22-83864,1,HISTORICAL_ALIAS_RECONCILIATION
21-163566,1,M0_NAME_FALLBACK
21-116891,1,HISTORICAL_ALIAS_RECONCILIATION
21-43310,1,HISTORICAL_ALIAS_RECONCILIATION
18-18447,1,M0_NAME_FALLBACK
21-99709,1,HISTORICAL_ALIAS_RECONCILIATION
21-76925,1,HISTORICAL_ALIAS_RECONCILIATION
17-25692,1,HISTORICAL_ALIAS_RECONCILIATION
21-148535,1,HISTORICAL_ALIAS_RECONCILIATION
17-21818,1,M0_NAME_FALLBACK
17-123168,1,M0_NAME_FALLBACK
21-153479,1,M0_NAME_FALLBACK
20-66280,1,HISTORICAL_ALIAS_RECONCILIATION
19-105444,1,EXACT_SIRET_RECONCILIATION
19-21908,1,M0_NAME_FALLBACK
18-47589,1,HISTORICAL_ALIAS_RECONCILIATION
16-168154,1,HISTORICAL_ALIAS_RECONCILIATION
21-15299,1,HISTORICAL_ALIAS_RECONCILIATION
16-113197,1,HISTORICAL_ALIAS_RECONCILIATION
20-96618,1,HISTORICAL_ALIAS_RECONCILIATION
19-106149,1,HISTORICAL_ALIAS_RECONCILIATION
21-103501,1,HISTORICAL_ALIAS_RECONCILIATION
20-65717,1,M0_NAME_FALLBACK
20-106379,1,HISTORICAL_ALIAS_RECONCILIATION
16-108742,1,HISTORICAL_ALIAS_RECONCILIATION
20-125567,1,HISTORICAL_ALIAS_RECONCILIATION
18-103711,1,M0_NAME_FALLBACK
20-138135,1,HISTORICAL_ALIAS_RECONCILIATION
19-174098,1,HISTORICAL_ALIAS_RECONCILIATION
20-135543,1,HISTORICAL_ALIAS_RECONCILIATION
19-99589,1,M0_NAME_FALLBACK
19-160018,1,M0_NAME_FALLBACK
20-26328,1,M0_NAME_FALLBACK
21-17328,1,HISTORICAL_ALIAS_RECONCILIATION
20-58079,1,EXACT_SIRET_RECONCILIATION
19-80203,1,HISTORICAL_ALIAS_RECONCILIATION
16-137769,1,M0_NAME_FALLBACK
18-38591,1,M0_NAME_FALLBACK
18-141270,1,HISTORICAL_ALIAS_RECONCILIATION
20-25372,1,HISTORICAL_ALIAS_RECONCILIATION
21-20759,1,M0_NAME_FALLBACK
21-152380,1,M0_NAME_FALLBACK
18-57746,1,HISTORICAL_ALIAS_RECONCILIATION
18-40625,1,HISTORICAL_ALIAS_RECONCILIATION
22-154717,1,M0_NAME_FALLBACK
18-53804,1,M0_NAME_FALLBACK
16-151274,1,HISTORICAL_ALIAS_RECONCILIATION
16-153372,1,M0_NAME_FALLBACK
20-47606,1,HISTORICAL_ALIAS_RECONCILIATION
16-155479,1,M0_NAME_FALLBACK
21-143444,1,HISTORICAL_ALIAS_RECONCILIATION
18-73911,1,M0_NAME_FALLBACK
22-48493,1,M0_NAME_FALLBACK
18-52915,1,M0_NAME_FALLBACK
21-133662,1,M0_NAME_FALLBACK
16-92246,1,M0_NAME_FALLBACK
18-101350,1,HISTORICAL_ALIAS_RECONCILIATION
22-25102,1,HISTORICAL_ALIAS_RECONCILIATION
21-133433,1,M0_NAME_FALLBACK
22-29878,1,HISTORICAL_ALIAS_RECONCILIATION
20-21049,1,M0_NAME_FALLBACK
22-108149,1,HISTORICAL_ALIAS_RECONCILIATION
23-102643,1,M0_NAME_FALLBACK
18-154990,1,HISTORICAL_ALIAS_RECONCILIATION
20-124045,1,HISTORICAL_ALIAS_RECONCILIATION
20-37796,1,HISTORICAL_ALIAS_RECONCILIATION
19-124888,1,HISTORICAL_ALIAS_RECONCILIATION
20-17796,1,M0_NAME_FALLBACK
19-117328,1,M0_NAME_FALLBACK
23-174001,1,HISTORICAL_ALIAS_RECONCILIATION
23-87983,1,EXACT_SIRET_RECONCILIATION
21-26465,1,HISTORICAL_ALIAS_RECONCILIATION
19-34598,1,HISTORICAL_ALIAS_RECONCILIATION
21-156687,1,M0_NAME_FALLBACK
22-50687,1,M0_NAME_FALLBACK
19-113409,1,HISTORICAL_ALIAS_RECONCILIATION
22-94145,1,HISTORICAL_ALIAS_RECONCILIATION
21-130956,1,HISTORICAL_ALIAS_RECONCILIATION
23-24020,1,M0_NAME_FALLBACK
20-155309,1,EXACT_SIRET_RECONCILIATION
22-31357,1,HISTORICAL_ALIAS_RECONCILIATION
22-42168,1,HISTORICAL_ALIAS_RECONCILIATION
22-153148,1,EXACT_SIRET_RECONCILIATION
22-124106,1,EXACT_SIRET_RECONCILIATION
20-153801,1,M0_NAME_FALLBACK
23-168051,1,EXACT_SIRET_RECONCILIATION
23-41648,1,HISTORICAL_ALIAS_RECONCILIATION
22-123803,1,HISTORICAL_ALIAS_RECONCILIATION
19-184042,1,HISTORICAL_ALIAS_RECONCILIATION
22-17364,1,HISTORICAL_ALIAS_RECONCILIATION
16-63741,1,M0_NAME_FALLBACK
24-7715,1,HISTORICAL_ALIAS_RECONCILIATION
20-68622,1,HISTORICAL_ALIAS_RECONCILIATION
23-161829,1,M0_NAME_FALLBACK
15-192356,1,M0_NAME_FALLBACK
21-90254,1,M0_NAME_FALLBACK
23-8217,1,M0_NAME_FALLBACK
19-103545,1,HISTORICAL_ALIAS_RECONCILIATION
17-46886,1,M0_NAME_FALLBACK
23-58292,1,M0_NAME_FALLBACK
20-32603,1,HISTORICAL_ALIAS_RECONCILIATION
20-54283,1,M0_NAME_FALLBACK
23-14004,1,EXACT_SIRET_RECONCILIATION
23-45378,1,HISTORICAL_ALIAS_RECONCILIATION
23-160148,1,EXACT_SIRET_RECONCILIATION
16-165866,1,HISTORICAL_ALIAS_RECONCILIATION
20-35694,1,HISTORICAL_ALIAS_RECONCILIATION
20-38676,1,HISTORICAL_ALIAS_RECONCILIATION
19-98987,1,M0_NAME_FALLBACK
23-108318,1,HISTORICAL_ALIAS_RECONCILIATION
17-20203,1,HISTORICAL_ALIAS_RECONCILIATION
15-170834,1,M0_NAME_FALLBACK
22-157410,1,M0_NAME_FALLBACK
19-55110,1,M0_NAME_FALLBACK
21-170353,1,HISTORICAL_ALIAS_RECONCILIATION
23-34705,1,M0_NAME_FALLBACK
16-106116,1,HISTORICAL_ALIAS_RECONCILIATION
21-148700,1,HISTORICAL_ALIAS_RECONCILIATION
19-74485,1,M0_NAME_FALLBACK
23-81527,1,HISTORICAL_ALIAS_RECONCILIATION
17-44864,1,HISTORICAL_ALIAS_RECONCILIATION
20-118996,1,HISTORICAL_ALIAS_RECONCILIATION
20-45001,1,EXACT_SIRET_RECONCILIATION
19-39813,1,M0_NAME_FALLBACK
17-74632,1,HISTORICAL_ALIAS_RECONCILIATION
22-166698,1,EXACT_SIRET_RECONCILIATION
21-130046,1,HISTORICAL_ALIAS_RECONCILIATION
22-125236,1,HISTORICAL_ALIAS_RECONCILIATION
19-54406,1,M0_NAME_FALLBACK
18-31687,1,HISTORICAL_ALIAS_RECONCILIATION
18-546,1,HISTORICAL_ALIAS_RECONCILIATION
22-118191,1,M0_NAME_FALLBACK
22-60784,1,HISTORICAL_ALIAS_RECONCILIATION
22-77622,1,HISTORICAL_ALIAS_RECONCILIATION
21-16505,1,HISTORICAL_ALIAS_RECONCILIATION
19-36958,1,M0_NAME_FALLBACK
19-169787,1,HISTORICAL_ALIAS_RECONCILIATION
18-142763,1,HISTORICAL_ALIAS_RECONCILIATION
22-133794,1,M0_NAME_FALLBACK
22-39410,1,HISTORICAL_ALIAS_RECONCILIATION
21-60721,1,M0_NAME_FALLBACK
22-15069,1,HISTORICAL_ALIAS_RECONCILIATION
18-142560,1,M0_NAME_FALLBACK
21-96695,1,HISTORICAL_ALIAS_RECONCILIATION
17-50845,1,M0_NAME_FALLBACK
22-82130,1,M0_NAME_FALLBACK
21-32441,1,HISTORICAL_ALIAS_RECONCILIATION
22-54446,1,M0_NAME_FALLBACK
18-177907,1,HISTORICAL_ALIAS_RECONCILIATION
18-90097,1,M0_NAME_FALLBACK
17-54861,1,HISTORICAL_ALIAS_RECONCILIATION
19-79409,1,HISTORICAL_ALIAS_RECONCILIATION
21-23641,1,HISTORICAL_ALIAS_RECONCILIATION
16-177041,1,M0_NAME_FALLBACK
17-51018,1,M0_NAME_FALLBACK
22-43134,1,HISTORICAL_ALIAS_RECONCILIATION
20-13447,1,M0_NAME_FALLBACK
22-25855,1,HISTORICAL_ALIAS_RECONCILIATION
18-21811,1,M0_NAME_FALLBACK
21-157863,1,HISTORICAL_ALIAS_RECONCILIATION
23-76010,1,M0_NAME_FALLBACK
22-98192,1,HISTORICAL_ALIAS_RECONCILIATION
21-86403,1,HISTORICAL_ALIAS_RECONCILIATION
17-53291,1,M0_NAME_FALLBACK
21-12893,1,HISTORICAL_ALIAS_RECONCILIATION
